Type,Name,Request Count,Failure Count,Median Response Time,Average Response Time,Min Response Time,Max Response Time,Average Content Size,Requests/s,Failures/s,50%,66%,75%,80%,90%,95%,98%,99%,99.9%,99.99%,100%
GET,/health,25,25,3,3.31023492035456,1.7674069968052208,10.02731898915954,0.0,0.8740100438605383,0.8740100438605383,3,3,3,3,4,9,10,10,10,10,10
POST,/predict,92,92,3,2.680636641857943,1.5769370074849576,4.414021997945383,0.0,3.2163569614067806,3.2163569614067806,3,3,3,3,3,3,4,4,4,4,4
,Aggregated,117,117,3,2.8151661885452546,1.5769370074849576,10.02731898915954,0.0,4.090367005267319,4.090367005267319,3,3,3,3,3,4,4,9,10,10,10
